  ,Iteration ,Sigma 0               ,X (km)           ,Y (km)                ,Z (km)                ,Vx (km/s)            ,Vy (km/s)        ,Vz (km/s)        ,Sigma x             ,Sigma y               ,Sigma z              ,Sigma vx               ,Sigma vy               ,Sigma vz
0 ,      1.0 ,0.027532769183042812  ,42122.8471638417 ,-0.00115942900805812  ,-0.00480379407942453  ,3.11583712731579e-07 ,1.6628922766994  ,2.58979917403515 ,0.02759646365368445 ,0.002179941639413767  ,0.011941687089278225 ,5.7946136939531085e-11 ,1.0063535555402036e-10 ,2.546452536561785e-10
1 ,      2.0 ,0.0053148123051639466 ,42122.8373478559 ,-0.000223896834731008 ,-0.000927552159421197 ,6.01680701542255e-08 ,1.66289176663506 ,2.58980007667896 ,0.16571901949171938 ,0.0026452647739259954 ,0.03227888456915767  ,1.4172775459967624e-10 ,4.726872791788928e-10  ,1.4239359086338501e-09
2 ,      3.0 ,0.027604199269073124  ,42122.8471933302 ,-0.00116327097746804  ,-0.00481877014263432  ,3.12606934404352e-07 ,1.66289227838782 ,2.5897991712551  ,0.02769014691142682 ,0.002187471218017527  ,0.011989075151038229 ,5.818300364603817e-11  ,1.0101136689221377e-10 ,2.5553348975939723e-10
