,Iteration,$\sigma_{0}$,X (km),Y (km),Z (km),$V_{x} (km/s)$,$V_{y} (km/s)$,$V_{z} (km/s)$
0,1.0,0.24121391916729304,42122.8439655401,0.0159922575049023,-0.00407661171662716,-1.06682247707541e-06,1.66289284653262,2.5898017579255
1,2.0,0.012033616116907168,42122.8354473369,0.00079786507509283,-0.000203297016426518,-5.32288958886469e-08,1.66289170457459,2.58980036568678
2,3.0,0.23954140244946026,42122.8439070396,0.0158841436118564,-0.0040439840935278,-1.05985090492755e-06,1.66289283808983,2.58980174757219
